<?xml version="1.0" encoding="UTF-8"?>
<beans xmlns="http://www.springframework.org/schema/beans"
	xmlns:xsi="http://www.w3.org/2001/XMLSchema-instance"
	xmlns:mvc="http://www.springframework.org/schema/mvc"
	xsi:schemaLocation="http://www.springframework.org/schema/mvc http://www.springframework.org/schema/mvc/spring-mvc.xsd
		http://www.springframework.org/schema/beans http://www.springframework.org/schema/beans/spring-beans.xsd">
	
	<mvc:interceptors>
		<ref bean="localeInterceptor"/>
	</mvc:interceptors>

	<bean id="localeInterceptor" class="org.springframework.web.servlet.i18n.LocaleChangeInterceptor">
		<property name="paramName" value="locale" />
	</bean>
	
	<bean id="localeResolver" class="org.springframework.web.servlet.i18n.SessionLocaleResolver">
		<property name="defaultLocale" value="fr" />
		
	</bean>
	
	<bean id="messageSource"
		class="org.springframework.context.support.ReloadableResourceBundleMessageSource">
		<property name="basename" value="WEB-INF/messages/applicationresources" />
		<property name="defaultEncoding" value="UTF-8"></property>
	</bean>
</beans>